INSERT INTO DEPARTMENT VALUES (1, 'SALES', '00110', 1234.00, STR_TO_DATE('02/01/2012', '%d/%m/%Y'));
INSERT INTO DEPARTMENT VALUES (2, 'ACCOUNTING', '00120', 5566789.50, STR_TO_DATE('30/10/2010', '%d/%m/%Y'));
INSERT INTO DEPARTMENT VALUES (3, 'GAMES', '00150', 100000.00, STR_TO_DATE('01/03/2008', '%d/%m/%Y'));
INSERT INTO DEPARTMENT VALUES (4, 'HUMAN RESOURCES', '00200', 500000.0, STR_TO_DATE('02/01/2013', '%d/%m/%Y'));
INSERT INTO DEPARTMENT VALUES (5, 'SPORTS', '00250', 8500000.00, STR_TO_DATE('10/05/2010', '%d/%m/%Y'));
INSERT INTO DEPARTMENT VALUES (6, 'RESEARCH', '00300', 45500.00, STR_TO_DATE('10/06/2020', '%d/%m/%Y'));
INSERT INTO DEPARTMENT VALUES (7, 'EDUCATION', '00350', 100000.00, STR_TO_DATE('10/07/2019', '%d/%m/%Y'));
INSERT INTO DEPARTMENT VALUES (8, 'FINANCE', '00500', 8400000.00, STR_TO_DATE('10/08/2022', '%d/%m/%Y'));
INSERT INTO DEPARTMENT VALUES (9, 'COMPUTING', '00600', 90000.00, STR_TO_DATE('10/09/2018', '%d/%m/%Y'));
INSERT INTO DEPARTMENT VALUES (10, 'DUST', NULL, 10.00, NULL);


INSERT INTO EMPLOYEE VALUES ('00600', 'Willy', STR_TO_DATE('01/01/1988', '%d/%m/%Y'), '41 Station Street, Wollongong, NSW 2500', 'M', 250.5, NULL, 9);
INSERT INTO EMPLOYEE VALUES ('00700', 'Zhi', STR_TO_DATE('12/09/1999', '%d/%m/%Y'), '112 Smith Street, Windang, NSW 2525', 'M', 80.2, '00600', 9);
INSERT INTO EMPLOYEE VALUES ('00800', 'Mary', STR_TO_DATE('03/10/2000', '%d/%m/%Y'), '26 Gibsons Road, Figtree, NSW 2525', 'F', 50.0, '00700', 9);
INSERT INTO EMPLOYEE VALUES ('00500', 'Angelina', STR_TO_DATE('20/11/1990', '%d/%m/%Y'), '25 Bong Bong Road, Horsley, NSW 2530', 'F', 250.0, NULL, 8);
INSERT INTO EMPLOYEE VALUES ('00510', 'Anna', STR_TO_DATE('20/11/1990', '%d/%m/%Y'), '200 Cemetary Road, Hawea, NSW 2800', 'F', 100.0, '00500', 8);
INSERT INTO EMPLOYEE VALUES ('00520', 'Madelaine', STR_TO_DATE('20/11/1990', '%d/%m/%Y'), '23 Lake View Street, Figtree, NSW 2525', 'F', 50.0, '00510', 8);
INSERT INTO EMPLOYEE VALUES ('00530', 'Robert', STR_TO_DATE('20/11/1990', '%d/%m/%Y'), '80 Penny Road, Windang, NSW 2520', 'M', 50.0, '00510', 8);
INSERT INTO EMPLOYEE VALUES ('00540', 'Claudio', STR_TO_DATE('20/11/1990', '%d/%m/%Y'), '23 Horsley Street, Unanderra, NSW 2528', 'M', 50.0, '00510', 8);
INSERT INTO EMPLOYEE VALUES ('00350', 'Brian', STR_TO_DATE('13/05/1965', '%d/%m/%Y'), '23 Station Street, Wollongong, NSW 2500', 'M', 200.4, NULL, 7);
INSERT INTO EMPLOYEE VALUES ('00300', 'James', STR_TO_DATE('12/11/1972', '%d/%m/%Y'), '7 Station Street, Dapto, NSW 2530', 'M', 186.5, NULL, 6);
INSERT INTO EMPLOYEE VALUES ('00301', 'Ivan', STR_TO_DATE('11/12/1976', '%d/%m/%Y'), '8 Short Street, Dapto, NSW 2530', 'M', 150.0, '00300', 6);
INSERT INTO EMPLOYEE VALUES ('00303', 'Kate', STR_TO_DATE('05/06/1980', '%d/%m/%Y'), '25 Horsley Road, Dapto, NSW 2530', 'F', 150.5, '00300', 6);
INSERT INTO EMPLOYEE VALUES ('00100', 'Albert', STR_TO_DATE('13/10/1965', '%d/%m/%Y'), '12 Robert Street, Woonona, NSW 2517', 'M', 186.5, '00300', 5);
INSERT INTO EMPLOYEE VALUES ('00110', 'Alvin', STR_TO_DATE('13/10/1977', '%d/%m/%Y'), '56 Marlo Road, Wollongong, NSW 2500', 'M', 156.4, '00100', 1);
INSERT INTO EMPLOYEE VALUES ('00120', 'Alice', STR_TO_DATE('17/06/1973', '%d/%m/%Y'), '43 Collaery Road, Russell Vale, NSW 2517', 'F', 156.5, '00100', 2);
INSERT INTO EMPLOYEE VALUES ('00150', 'Bob', STR_TO_DATE('02/07/1960', '%d/%m/%Y'), '23 Kendall Street, Wollongong, NSW 2500', 'M', 166.4, '00100', 3);
INSERT INTO EMPLOYEE VALUES ('00200', 'Carl', STR_TO_DATE('02/02/1967', '%d/%m/%Y'), '44 Mount Keira Road, West Wollongong, NSW 2500', 'M', 156.3, '00100', 4);
INSERT INTO EMPLOYEE VALUES ('00250', 'Douglass', STR_TO_DATE('14/04/1983', '%d/%m/%Y'), '78 Uralba Street, West Wollongong, NSW 2500', 'M', 156.4, '00100', 5);
INSERT INTO EMPLOYEE VALUES ('00101', 'Peter', STR_TO_DATE('13/11/1976', '%d/%m/%Y'), '77 Gipps Road, Wollongong, NSW 2500', 'M', 85.2, '00110', 1);
INSERT INTO EMPLOYEE VALUES ('00103', 'Ami', STR_TO_DATE('12/09/1985', '%d/%m/%Y'), '51 Mackie Street, Coniston, NSW 2500', 'F', 78.2, '00110', 1);
INSERT INTO EMPLOYEE VALUES ('00107', 'Wendy', STR_TO_DATE('12/09/1988', '%d/%m/%Y'), '41 Wall Street, Wollongong, NSW 2500', 'F', 68.2, '00110', 1);
INSERT INTO EMPLOYEE VALUES ('00109', 'Michael', STR_TO_DATE('12/09/1990', '%d/%m/%Y'), '112 Smith Road, Wollongong, NSW 2500', 'M', 58.2, '00110', 1);
INSERT INTO EMPLOYEE VALUES ('00125', 'Angela', STR_TO_DATE('20/11/1990', '%d/%m/%Y'), '23 Gibsons Road, Figtree, NSW 2525', 'F', 56.4, '00120', 2);
INSERT INTO EMPLOYEE VALUES ('00105', 'Robert', STR_TO_DATE('15/01/1986', '%d/%m/%Y'), '66 Risely Road, Figtree, NSW 2525', 'M', 66.2, '00150', 3);
INSERT INTO EMPLOYEE VALUES ('00136', 'Aban', STR_TO_DATE('15/01/1990', '%d/%m/%Y'), '187 Princes Highway, Wollongong, NSW 2500', 'M', 55.3, '00200', 4);
INSERT INTO EMPLOYEE VALUES ('00187', 'Eadger', STR_TO_DATE('07/04/1986', '%d/%m/%Y'), '73 Ocean Street, Wollongong, NSW 2500', 'M', 76.5, '00250', 5);

ALTER TABLE DEPARTMENT ADD CONSTRAINT DEPARTMENT_FK FOREIGN KEY (manager)
	                                            REFERENCES EMPLOYEE(enumber);
	                                            
INSERT INTO DEPTLOCATION VALUES (1, '1 Gipps Road, Wollongong, NSW 2500');
INSERT INTO DEPTLOCATION VALUES (1, '10 Jones Street, Sydney, NSW 2000');
INSERT INTO DEPTLOCATION VALUES (1, '25 Gore Street, Melbourne, VIC 3065');
INSERT INTO DEPTLOCATION VALUES (2, '108 George Street, Sydney, NSW 2000');
INSERT INTO DEPTLOCATION VALUES (3, '183 Pier Street, Sydney, NSW 2000');
INSERT INTO DEPTLOCATION VALUES (3, '64 Smith Street, Wollongong, NSW 2500');
INSERT INTO DEPTLOCATION VALUES (4, '4 Elizabeth Street, Sydney, NSW 2000');
INSERT INTO DEPTLOCATION VALUES (5, '77 Kenny Street, Wollongong, NSW 2500');
INSERT INTO DEPTLOCATION VALUES (5, '263 Box Road, Sydney, NSW 2170');
INSERT INTO DEPTLOCATION VALUES (6, '100 Smith Street, Sydney, NSW 2170');
INSERT INTO DEPTLOCATION VALUES (7, '150 Barnaby Road, Sydney, NSW 2180');
INSERT INTO DEPTLOCATION VALUES (8, '25 Station Road, Sydney, NSW 2070');
INSERT INTO DEPTLOCATION VALUES (9, '26 Box Road, Sydney, NSW 2170');
INSERT INTO DEPTLOCATION VALUES (10, '25 Box Road, Sydney, NSW 2170');

INSERT INTO PROJECT VALUES (1001, 'Computation', 'Microsoft', 8, 25000);
INSERT INTO PROJECT VALUES (1002, 'Study methods', 'Education committee', 3, 15000);
INSERT INTO PROJECT VALUES (1003, 'Racing car', 'Cloud Pty Ltd', 3, 225000);
INSERT INTO PROJECT VALUES (1004, 'Football', 'Football Club', 5, 35000);
INSERT INTO PROJECT VALUES (1005, 'Swimming', 'Education Committee', 5, 125000);
INSERT INTO PROJECT VALUES (1006, 'Database', 'Database Committee', 5, 125000);

INSERT INTO WORKSON VALUES ('00110', 1001, 10);
INSERT INTO WORKSON VALUES ('00101', 1001, 20);
INSERT INTO WORKSON VALUES ('00150', 1002, 10);
INSERT INTO WORKSON VALUES ('00105', 1002, 10);
INSERT INTO WORKSON VALUES ('00105', 1003, 20);
INSERT INTO WORKSON VALUES ('00105', 1004, 20);
INSERT INTO WORKSON VALUES ('00250', 1004, 15);
INSERT INTO WORKSON VALUES ('00187', 1004, 25);
INSERT INTO WORKSON VALUES ('00105', 1005, 15);
INSERT INTO WORKSON VALUES ('00600', 1001, 50);
INSERT INTO WORKSON VALUES ('00700', 1001, 25);
INSERT INTO WORKSON VALUES ('00800', 1001, 25);
INSERT INTO WORKSON VALUES ('00500', 1002, 20);
INSERT INTO WORKSON VALUES ('00510', 1002, 20);
INSERT INTO WORKSON VALUES ('00520', 1002, 20);
INSERT INTO WORKSON VALUES ('00530', 1002, 20);
INSERT INTO WORKSON VALUES ('00540', 1002, 20);
INSERT INTO WORKSON VALUES ('00350', 1005, 30);
INSERT INTO WORKSON VALUES ('00300', 1005, 20);
INSERT INTO WORKSON VALUES ('00301', 1005, 20);
INSERT INTO WORKSON VALUES ('00303', 1005, 30);

INSERT INTO DEPENDENT VALUES ('00100', 'Judy',   'F', STR_TO_DATE('11/03/1966', '%d/%m/%Y'), 'daughter');
INSERT INTO DEPENDENT VALUES ('00100', 'Bolt',   'M', STR_TO_DATE('05/03/1986', '%d/%m/%Y'), 'son');
INSERT INTO DEPENDENT VALUES ('00100', 'Kim',    'F', STR_TO_DATE('11/03/1989', '%d/%m/%Y'), 'daughter');
INSERT INTO DEPENDENT VALUES ('00120', 'James',  'M', STR_TO_DATE('11/03/1975', '%d/%m/%Y'), 'son');
INSERT INTO DEPENDENT VALUES ('00120', 'Kadi',   'F', STR_TO_DATE('05/03/2001', '%d/%m/%Y'), 'daughter');
INSERT INTO DEPENDENT VALUES ('00120', 'Jane',   'F', STR_TO_DATE('15/05/2003', '%d/%m/%Y'), 'daughter');
INSERT INTO DEPENDENT VALUES ('00187', 'Angela', 'F', STR_TO_DATE('15/05/2003', '%d/%m/%Y'), 'daughter');
INSERT INTO DEPENDENT VALUES ('00600', 'Anna', 'F', STR_TO_DATE('20/05/1995', '%d/%m/%Y'), 'daughter');
INSERT INTO DEPENDENT VALUES ('00600', 'Richard', 'M', STR_TO_DATE('12/06/2000', '%d/%m/%Y'), 'son');
INSERT INTO DEPENDENT VALUES ('00600', 'James', 'M', STR_TO_DATE('15/05/2002', '%d/%m/%Y'), 'son');
INSERT INTO DEPENDENT VALUES ('00700', 'Peter', 'M', STR_TO_DATE('15/05/2005', '%d/%m/%Y'), 'son');
INSERT INTO DEPENDENT VALUES ('00800', 'Tim', 'M', STR_TO_DATE('15/05/2003', '%d/%m/%Y'), 'son');
INSERT INTO DEPENDENT VALUES ('00500', 'Frederick', 'F', STR_TO_DATE('17/06/2002', '%d/%m/%Y'), 'son');
INSERT INTO DEPENDENT VALUES ('00510', 'Anna', 'F', STR_TO_DATE('10/06/2003', '%d/%m/%Y'), 'daughter');
INSERT INTO DEPENDENT VALUES ('00520', 'John', 'M', STR_TO_DATE('10/12/2000', '%d/%m/%Y'), 'son');
INSERT INTO DEPENDENT VALUES ('00530', 'James', 'M', STR_TO_DATE('13/08/2001', '%d/%m/%Y'), 'son');
INSERT INTO DEPENDENT VALUES ('00540', 'Phillip', 'M', STR_TO_DATE('10/05/2000', '%d/%m/%Y'), 'son');
INSERT INTO DEPENDENT VALUES ('00350', 'Edward', 'M', STR_TO_DATE('10/05/2000', '%d/%m/%Y'), 'son');
INSERT INTO DEPENDENT VALUES ('00300', 'Elisabeth', 'F', STR_TO_DATE('11/06/2004', '%d/%m/%Y'), 'daughter');
INSERT INTO DEPENDENT VALUES ('00301', 'Marianne', 'F', STR_TO_DATE('10/08/2005', '%d/%m/%Y'), 'daughter');
INSERT INTO DEPENDENT VALUES ('00303', 'Monalisa', 'F', STR_TO_DATE('12/09/2006', '%d/%m/%Y'), 'daughter');